<?xml version="1.0" encoding="UTF-8"?>
<GVSAPP><CAMERAS><CAMERA><NAME>MAINCAMERA</NAME><PLATFORMS>1</PLATFORMS><POSITION><X>-0.45</X><Y>1.00</Y><Z>0.60</Z></POSITION><ROTATION><X>0.11</X><Y>-0.31</Y><Z>0.00</Z></ROTATION><AOV>167.88</AOV><ZOON>1373.38</ZOON></CAMERA><CAMERA><NAME>LEFTCAMERA</NAME><PLATFORMS>1</PLATFORMS><POSITION><X>-7.00</X><Y>0.55</Y><Z>1.70</Z></POSITION><ROTATION><X>-0.20</X><Y>2.77</Y><Z>0.08</Z></ROTATION><AOV>170.00</AOV><ZOON>3283.05</ZOON></CAMERA><CAMERA><NAME>RIGHTCAMERA</NAME><PLATFORMS>1</PLATFORMS><POSITION><X>-3.55</X><Y>1.10</Y><Z>-4.00</Z></POSITION><ROTATION><X>-0.18</X><Y>0.31</Y><Z>0.00</Z></ROTATION><AOV>170.00</AOV><ZOON>3288.78</ZOON></CAMERA><CAMERA><NAME>MIDDLEBACKCAMERA</NAME><PLATFORMS>1</PLATFORMS><POSITION><X>-3.95</X><Y>1.05</Y><Z>-1.15</Z></POSITION><ROTATION><X>0.04</X><Y>3.18</Y><Z>0.10</Z></ROTATION><AOV>170.00</AOV><ZOON>3283.05</ZOON></CAMERA></CAMERAS></GVSAPP>
